experiment, benchmark, time
1 R_ENABLE_JIT=0 vanilla-r, binarytrees-2.r, 4.132
1 R_ENABLE_JIT=0 vanilla-r, binarytrees-2.r, 4.076
1 R_ENABLE_JIT=0 vanilla-r, binarytrees-2.r, 4.125
1 R_ENABLE_JIT=0 vanilla-r, binarytrees-2.r, 4.11
1 R_ENABLE_JIT=0 vanilla-r, binarytrees-2.r, 4.135
1 R_ENABLE_JIT=0 vanilla-r, binarytrees-2.r, 4.087
1 R_ENABLE_JIT=0 vanilla-r, binarytrees-2.r, 4.131
1 R_ENABLE_JIT=0 vanilla-r, binarytrees-2.r, 4.075
2 R_ENABLE_JIT=2 vanilla-r, binarytrees-2.r, 2.643
2 R_ENABLE_JIT=2 vanilla-r, binarytrees-2.r, 2.633
2 R_ENABLE_JIT=2 vanilla-r, binarytrees-2.r, 2.625
2 R_ENABLE_JIT=2 vanilla-r, binarytrees-2.r, 2.596
2 R_ENABLE_JIT=2 vanilla-r, binarytrees-2.r, 2.602
2 R_ENABLE_JIT=2 vanilla-r, binarytrees-2.r, 2.598
2 R_ENABLE_JIT=2 vanilla-r, binarytrees-2.r, 2.593
2 R_ENABLE_JIT=2 vanilla-r, binarytrees-2.r, 2.568
3 R_ENABLE_JIT=2 rir, binarytrees-2.r, 3.929
3 R_ENABLE_JIT=2 rir, binarytrees-2.r, 3.839
3 R_ENABLE_JIT=2 rir, binarytrees-2.r, 3.925
3 R_ENABLE_JIT=2 rir, binarytrees-2.r, 3.841
3 R_ENABLE_JIT=2 rir, binarytrees-2.r, 3.92100000000001
3 R_ENABLE_JIT=2 rir, binarytrees-2.r, 3.84200000000001
3 R_ENABLE_JIT=2 rir, binarytrees-2.r, 3.916
3 R_ENABLE_JIT=2 rir, binarytrees-2.r, 3.83199999999999
1 R_ENABLE_JIT=0 vanilla-r, binarytrees-naive.r, 4.212
1 R_ENABLE_JIT=0 vanilla-r, binarytrees-naive.r, 4.16
1 R_ENABLE_JIT=0 vanilla-r, binarytrees-naive.r, 4.171
1 R_ENABLE_JIT=0 vanilla-r, binarytrees-naive.r, 4.096
1 R_ENABLE_JIT=0 vanilla-r, binarytrees-naive.r, 4.178
1 R_ENABLE_JIT=0 vanilla-r, binarytrees-naive.r, 4.102
1 R_ENABLE_JIT=0 vanilla-r, binarytrees-naive.r, 4.127
1 R_ENABLE_JIT=0 vanilla-r, binarytrees-naive.r, 4.073
2 R_ENABLE_JIT=2 vanilla-r, binarytrees-naive.r, 2.667
2 R_ENABLE_JIT=2 vanilla-r, binarytrees-naive.r, 2.663
2 R_ENABLE_JIT=2 vanilla-r, binarytrees-naive.r, 2.658
2 R_ENABLE_JIT=2 vanilla-r, binarytrees-naive.r, 2.598
2 R_ENABLE_JIT=2 vanilla-r, binarytrees-naive.r, 2.614
2 R_ENABLE_JIT=2 vanilla-r, binarytrees-naive.r, 2.61
2 R_ENABLE_JIT=2 vanilla-r, binarytrees-naive.r, 2.631
2 R_ENABLE_JIT=2 vanilla-r, binarytrees-naive.r, 2.594
3 R_ENABLE_JIT=2 rir, binarytrees-naive.r, 3.871
3 R_ENABLE_JIT=2 rir, binarytrees-naive.r, 3.84
3 R_ENABLE_JIT=2 rir, binarytrees-naive.r, 3.817
3 R_ENABLE_JIT=2 rir, binarytrees-naive.r, 3.834
3 R_ENABLE_JIT=2 rir, binarytrees-naive.r, 3.822
3 R_ENABLE_JIT=2 rir, binarytrees-naive.r, 3.84999999999999
3 R_ENABLE_JIT=2 rir, binarytrees-naive.r, 3.867
3 R_ENABLE_JIT=2 rir, binarytrees-naive.r, 3.799
1 R_ENABLE_JIT=0 vanilla-r, binarytrees.r, 4.261
1 R_ENABLE_JIT=0 vanilla-r, binarytrees.r, 4.157
1 R_ENABLE_JIT=0 vanilla-r, binarytrees.r, 4.174
1 R_ENABLE_JIT=0 vanilla-r, binarytrees.r, 4.154
1 R_ENABLE_JIT=0 vanilla-r, binarytrees.r, 4.146
1 R_ENABLE_JIT=0 vanilla-r, binarytrees.r, 4.109
1 R_ENABLE_JIT=0 vanilla-r, binarytrees.r, 4.172
1 R_ENABLE_JIT=0 vanilla-r, binarytrees.r, 4.112
2 R_ENABLE_JIT=2 vanilla-r, binarytrees.r, 2.707
2 R_ENABLE_JIT=2 vanilla-r, binarytrees.r, 2.682
2 R_ENABLE_JIT=2 vanilla-r, binarytrees.r, 2.693
2 R_ENABLE_JIT=2 vanilla-r, binarytrees.r, 2.687
2 R_ENABLE_JIT=2 vanilla-r, binarytrees.r, 2.694
2 R_ENABLE_JIT=2 vanilla-r, binarytrees.r, 2.689
2 R_ENABLE_JIT=2 vanilla-r, binarytrees.r, 2.693
2 R_ENABLE_JIT=2 vanilla-r, binarytrees.r, 2.69
3 R_ENABLE_JIT=2 rir, binarytrees.r, 3.936
3 R_ENABLE_JIT=2 rir, binarytrees.r, 3.925
3 R_ENABLE_JIT=2 rir, binarytrees.r, 3.922
3 R_ENABLE_JIT=2 rir, binarytrees.r, 3.909
3 R_ENABLE_JIT=2 rir, binarytrees.r, 3.927
3 R_ENABLE_JIT=2 rir, binarytrees.r, 3.916
3 R_ENABLE_JIT=2 rir, binarytrees.r, 3.939
3 R_ENABLE_JIT=2 rir, binarytrees.r, 3.898
1 R_ENABLE_JIT=0 vanilla-r, fannkuchredux-naive.r, 8.543
1 R_ENABLE_JIT=0 vanilla-r, fannkuchredux-naive.r, 8.512
1 R_ENABLE_JIT=0 vanilla-r, fannkuchredux-naive.r, 8.54
1 R_ENABLE_JIT=0 vanilla-r, fannkuchredux-naive.r, 8.509
1 R_ENABLE_JIT=0 vanilla-r, fannkuchredux-naive.r, 8.52800000000001
1 R_ENABLE_JIT=0 vanilla-r, fannkuchredux-naive.r, 8.49799999999999
1 R_ENABLE_JIT=0 vanilla-r, fannkuchredux-naive.r, 8.52500000000001
1 R_ENABLE_JIT=0 vanilla-r, fannkuchredux-naive.r, 8.501
2 R_ENABLE_JIT=2 vanilla-r, fannkuchredux-naive.r, 1.152
2 R_ENABLE_JIT=2 vanilla-r, fannkuchredux-naive.r, 1.141
2 R_ENABLE_JIT=2 vanilla-r, fannkuchredux-naive.r, 1.169
2 R_ENABLE_JIT=2 vanilla-r, fannkuchredux-naive.r, 1.156
2 R_ENABLE_JIT=2 vanilla-r, fannkuchredux-naive.r, 1.169
2 R_ENABLE_JIT=2 vanilla-r, fannkuchredux-naive.r, 1.154
2 R_ENABLE_JIT=2 vanilla-r, fannkuchredux-naive.r, 1.167
2 R_ENABLE_JIT=2 vanilla-r, fannkuchredux-naive.r, 1.159
3 R_ENABLE_JIT=2 rir, fannkuchredux-naive.r, 4.794
3 R_ENABLE_JIT=2 rir, fannkuchredux-naive.r, 4.762
3 R_ENABLE_JIT=2 rir, fannkuchredux-naive.r, 4.785
3 R_ENABLE_JIT=2 rir, fannkuchredux-naive.r, 4.762
3 R_ENABLE_JIT=2 rir, fannkuchredux-naive.r, 4.758
3 R_ENABLE_JIT=2 rir, fannkuchredux-naive.r, 4.759
3 R_ENABLE_JIT=2 rir, fannkuchredux-naive.r, 4.784
3 R_ENABLE_JIT=2 rir, fannkuchredux-naive.r, 4.753
1 R_ENABLE_JIT=0 vanilla-r, fannkuchredux.r, 4.664
1 R_ENABLE_JIT=0 vanilla-r, fannkuchredux.r, 4.635
1 R_ENABLE_JIT=0 vanilla-r, fannkuchredux.r, 4.575
1 R_ENABLE_JIT=0 vanilla-r, fannkuchredux.r, 4.498
1 R_ENABLE_JIT=0 vanilla-r, fannkuchredux.r, 4.539
1 R_ENABLE_JIT=0 vanilla-r, fannkuchredux.r, 4.502
1 R_ENABLE_JIT=0 vanilla-r, fannkuchredux.r, 4.531
1 R_ENABLE_JIT=0 vanilla-r, fannkuchredux.r, 4.517
2 R_ENABLE_JIT=2 vanilla-r, fannkuchredux.r, 2.169
2 R_ENABLE_JIT=2 vanilla-r, fannkuchredux.r, 2.136
2 R_ENABLE_JIT=2 vanilla-r, fannkuchredux.r, 2.17
2 R_ENABLE_JIT=2 vanilla-r, fannkuchredux.r, 2.127
2 R_ENABLE_JIT=2 vanilla-r, fannkuchredux.r, 2.171
2 R_ENABLE_JIT=2 vanilla-r, fannkuchredux.r, 2.129
2 R_ENABLE_JIT=2 vanilla-r, fannkuchredux.r, 2.149
2 R_ENABLE_JIT=2 vanilla-r, fannkuchredux.r, 2.096
3 R_ENABLE_JIT=2 rir, fannkuchredux.r, 4.365
3 R_ENABLE_JIT=2 rir, fannkuchredux.r, 4.322
3 R_ENABLE_JIT=2 rir, fannkuchredux.r, 4.358
3 R_ENABLE_JIT=2 rir, fannkuchredux.r, 4.311
3 R_ENABLE_JIT=2 rir, fannkuchredux.r, 4.356
3 R_ENABLE_JIT=2 rir, fannkuchredux.r, 4.317
3 R_ENABLE_JIT=2 rir, fannkuchredux.r, 4.362
3 R_ENABLE_JIT=2 rir, fannkuchredux.r, 4.32100000000001
1 R_ENABLE_JIT=0 vanilla-r, fasta-2.r, 2.524
1 R_ENABLE_JIT=0 vanilla-r, fasta-2.r, 2.497
1 R_ENABLE_JIT=0 vanilla-r, fasta-2.r, 2.526
1 R_ENABLE_JIT=0 vanilla-r, fasta-2.r, 2.493
1 R_ENABLE_JIT=0 vanilla-r, fasta-2.r, 2.506
1 R_ENABLE_JIT=0 vanilla-r, fasta-2.r, 2.485
1 R_ENABLE_JIT=0 vanilla-r, fasta-2.r, 2.525
1 R_ENABLE_JIT=0 vanilla-r, fasta-2.r, 2.463
2 R_ENABLE_JIT=2 vanilla-r, fasta-2.r, 1.432
2 R_ENABLE_JIT=2 vanilla-r, fasta-2.r, 1.418
2 R_ENABLE_JIT=2 vanilla-r, fasta-2.r, 1.434
2 R_ENABLE_JIT=2 vanilla-r, fasta-2.r, 1.409
2 R_ENABLE_JIT=2 vanilla-r, fasta-2.r, 1.422
2 R_ENABLE_JIT=2 vanilla-r, fasta-2.r, 1.419
2 R_ENABLE_JIT=2 vanilla-r, fasta-2.r, 1.434
2 R_ENABLE_JIT=2 vanilla-r, fasta-2.r, 1.41
3 R_ENABLE_JIT=2 rir, fasta-2.r, 2.517
3 R_ENABLE_JIT=2 rir, fasta-2.r, 2.428
3 R_ENABLE_JIT=2 rir, fasta-2.r, 2.49
3 R_ENABLE_JIT=2 rir, fasta-2.r, 2.442
3 R_ENABLE_JIT=2 rir, fasta-2.r, 2.44
3 R_ENABLE_JIT=2 rir, fasta-2.r, 2.488
3 R_ENABLE_JIT=2 rir, fasta-2.r, 2.461
3 R_ENABLE_JIT=2 rir, fasta-2.r, 2.446
1 R_ENABLE_JIT=0 vanilla-r, fasta-3.r, 2.739
1 R_ENABLE_JIT=0 vanilla-r, fasta-3.r, 2.729
1 R_ENABLE_JIT=0 vanilla-r, fasta-3.r, 2.748
1 R_ENABLE_JIT=0 vanilla-r, fasta-3.r, 2.731
1 R_ENABLE_JIT=0 vanilla-r, fasta-3.r, 2.742
1 R_ENABLE_JIT=0 vanilla-r, fasta-3.r, 2.711
1 R_ENABLE_JIT=0 vanilla-r, fasta-3.r, 2.731
1 R_ENABLE_JIT=0 vanilla-r, fasta-3.r, 2.748
2 R_ENABLE_JIT=2 vanilla-r, fasta-3.r, 1.567
2 R_ENABLE_JIT=2 vanilla-r, fasta-3.r, 1.571
2 R_ENABLE_JIT=2 vanilla-r, fasta-3.r, 1.549
2 R_ENABLE_JIT=2 vanilla-r, fasta-3.r, 1.569
2 R_ENABLE_JIT=2 vanilla-r, fasta-3.r, 1.578
2 R_ENABLE_JIT=2 vanilla-r, fasta-3.r, 1.563
2 R_ENABLE_JIT=2 vanilla-r, fasta-3.r, 1.566
2 R_ENABLE_JIT=2 vanilla-r, fasta-3.r, 1.563
3 R_ENABLE_JIT=2 rir, fasta-3.r, 2.794
3 R_ENABLE_JIT=2 rir, fasta-3.r, 2.704
3 R_ENABLE_JIT=2 rir, fasta-3.r, 2.708
3 R_ENABLE_JIT=2 rir, fasta-3.r, 2.805
3 R_ENABLE_JIT=2 rir, fasta-3.r, 2.732
3 R_ENABLE_JIT=2 rir, fasta-3.r, 2.759
3 R_ENABLE_JIT=2 rir, fasta-3.r, 2.738
3 R_ENABLE_JIT=2 rir, fasta-3.r, 2.747
1 R_ENABLE_JIT=0 vanilla-r, fasta-naive2.r, 4.68
1 R_ENABLE_JIT=0 vanilla-r, fasta-naive2.r, 4.652
1 R_ENABLE_JIT=0 vanilla-r, fasta-naive2.r, 4.693
1 R_ENABLE_JIT=0 vanilla-r, fasta-naive2.r, 4.677
1 R_ENABLE_JIT=0 vanilla-r, fasta-naive2.r, 4.709
1 R_ENABLE_JIT=0 vanilla-r, fasta-naive2.r, 4.68
1 R_ENABLE_JIT=0 vanilla-r, fasta-naive2.r, 4.697
1 R_ENABLE_JIT=0 vanilla-r, fasta-naive2.r, 4.694
2 R_ENABLE_JIT=2 vanilla-r, fasta-naive2.r, 1.735
2 R_ENABLE_JIT=2 vanilla-r, fasta-naive2.r, 1.7
2 R_ENABLE_JIT=2 vanilla-r, fasta-naive2.r, 1.732
2 R_ENABLE_JIT=2 vanilla-r, fasta-naive2.r, 1.734
2 R_ENABLE_JIT=2 vanilla-r, fasta-naive2.r, 1.74
2 R_ENABLE_JIT=2 vanilla-r, fasta-naive2.r, 1.719
2 R_ENABLE_JIT=2 vanilla-r, fasta-naive2.r, 1.736
2 R_ENABLE_JIT=2 vanilla-r, fasta-naive2.r, 1.727
3 R_ENABLE_JIT=2 rir, fasta-naive2.r, 4.74
3 R_ENABLE_JIT=2 rir, fasta-naive2.r, 4.746
3 R_ENABLE_JIT=2 rir, fasta-naive2.r, 4.77
3 R_ENABLE_JIT=2 rir, fasta-naive2.r, 4.73800000000001
3 R_ENABLE_JIT=2 rir, fasta-naive2.r, 4.747
3 R_ENABLE_JIT=2 rir, fasta-naive2.r, 4.749
3 R_ENABLE_JIT=2 rir, fasta-naive2.r, 4.75
3 R_ENABLE_JIT=2 rir, fasta-naive2.r, 4.73099999999999
1 R_ENABLE_JIT=0 vanilla-r, fasta-naive.r, 3.166
1 R_ENABLE_JIT=0 vanilla-r, fasta-naive.r, 3.166
1 R_ENABLE_JIT=0 vanilla-r, fasta-naive.r, 3.171
1 R_ENABLE_JIT=0 vanilla-r, fasta-naive.r, 3.176
1 R_ENABLE_JIT=0 vanilla-r, fasta-naive.r, 3.183
1 R_ENABLE_JIT=0 vanilla-r, fasta-naive.r, 3.17
1 R_ENABLE_JIT=0 vanilla-r, fasta-naive.r, 3.182
1 R_ENABLE_JIT=0 vanilla-r, fasta-naive.r, 3.151
2 R_ENABLE_JIT=2 vanilla-r, fasta-naive.r, 1.236
2 R_ENABLE_JIT=2 vanilla-r, fasta-naive.r, 1.237
2 R_ENABLE_JIT=2 vanilla-r, fasta-naive.r, 1.24
2 R_ENABLE_JIT=2 vanilla-r, fasta-naive.r, 1.226
2 R_ENABLE_JIT=2 vanilla-r, fasta-naive.r, 1.23
2 R_ENABLE_JIT=2 vanilla-r, fasta-naive.r, 1.222
2 R_ENABLE_JIT=2 vanilla-r, fasta-naive.r, 1.246
2 R_ENABLE_JIT=2 vanilla-r, fasta-naive.r, 1.214
3 R_ENABLE_JIT=2 rir, fasta-naive.r, 3.18
3 R_ENABLE_JIT=2 rir, fasta-naive.r, 3.137
3 R_ENABLE_JIT=2 rir, fasta-naive.r, 3.152
3 R_ENABLE_JIT=2 rir, fasta-naive.r, 3.183
3 R_ENABLE_JIT=2 rir, fasta-naive.r, 3.174
3 R_ENABLE_JIT=2 rir, fasta-naive.r, 3.15300000000001
3 R_ENABLE_JIT=2 rir, fasta-naive.r, 3.157
3 R_ENABLE_JIT=2 rir, fasta-naive.r, 3.163
1 R_ENABLE_JIT=0 vanilla-r, fasta.r, 2.315
1 R_ENABLE_JIT=0 vanilla-r, fasta.r, 2.323
1 R_ENABLE_JIT=0 vanilla-r, fasta.r, 2.322
1 R_ENABLE_JIT=0 vanilla-r, fasta.r, 2.31
1 R_ENABLE_JIT=0 vanilla-r, fasta.r, 2.338
1 R_ENABLE_JIT=0 vanilla-r, fasta.r, 2.308
1 R_ENABLE_JIT=0 vanilla-r, fasta.r, 2.334
1 R_ENABLE_JIT=0 vanilla-r, fasta.r, 2.285
2 R_ENABLE_JIT=2 vanilla-r, fasta.r, 1.316
2 R_ENABLE_JIT=2 vanilla-r, fasta.r, 1.311
2 R_ENABLE_JIT=2 vanilla-r, fasta.r, 1.324
2 R_ENABLE_JIT=2 vanilla-r, fasta.r, 1.313
2 R_ENABLE_JIT=2 vanilla-r, fasta.r, 1.323
2 R_ENABLE_JIT=2 vanilla-r, fasta.r, 1.309
2 R_ENABLE_JIT=2 vanilla-r, fasta.r, 1.314
2 R_ENABLE_JIT=2 vanilla-r, fasta.r, 1.301
3 R_ENABLE_JIT=2 rir, fasta.r, 2.155
3 R_ENABLE_JIT=2 rir, fasta.r, 2.147
3 R_ENABLE_JIT=2 rir, fasta.r, 2.167
3 R_ENABLE_JIT=2 rir, fasta.r, 2.133
3 R_ENABLE_JIT=2 rir, fasta.r, 2.16
3 R_ENABLE_JIT=2 rir, fasta.r, 2.133
3 R_ENABLE_JIT=2 rir, fasta.r, 2.14
3 R_ENABLE_JIT=2 rir, fasta.r, 2.137
1 R_ENABLE_JIT=0 vanilla-r, fastaredux-naive.r, 2.639
1 R_ENABLE_JIT=0 vanilla-r, fastaredux-naive.r, 2.626
1 R_ENABLE_JIT=0 vanilla-r, fastaredux-naive.r, 2.643
1 R_ENABLE_JIT=0 vanilla-r, fastaredux-naive.r, 2.632
1 R_ENABLE_JIT=0 vanilla-r, fastaredux-naive.r, 2.642
1 R_ENABLE_JIT=0 vanilla-r, fastaredux-naive.r, 2.648
1 R_ENABLE_JIT=0 vanilla-r, fastaredux-naive.r, 2.647
1 R_ENABLE_JIT=0 vanilla-r, fastaredux-naive.r, 2.677
2 R_ENABLE_JIT=2 vanilla-r, fastaredux-naive.r, 1.083
2 R_ENABLE_JIT=2 vanilla-r, fastaredux-naive.r, 1.083
2 R_ENABLE_JIT=2 vanilla-r, fastaredux-naive.r, 1.11
2 R_ENABLE_JIT=2 vanilla-r, fastaredux-naive.r, 1.081
2 R_ENABLE_JIT=2 vanilla-r, fastaredux-naive.r, 1.09
2 R_ENABLE_JIT=2 vanilla-r, fastaredux-naive.r, 1.064
2 R_ENABLE_JIT=2 vanilla-r, fastaredux-naive.r, 1.104
2 R_ENABLE_JIT=2 vanilla-r, fastaredux-naive.r, 1.113
3 R_ENABLE_JIT=2 rir, fastaredux-naive.r, 2.632
3 R_ENABLE_JIT=2 rir, fastaredux-naive.r, 2.614
3 R_ENABLE_JIT=2 rir, fastaredux-naive.r, 2.617
3 R_ENABLE_JIT=2 rir, fastaredux-naive.r, 2.586
3 R_ENABLE_JIT=2 rir, fastaredux-naive.r, 2.6
3 R_ENABLE_JIT=2 rir, fastaredux-naive.r, 2.578
3 R_ENABLE_JIT=2 rir, fastaredux-naive.r, 2.579
3 R_ENABLE_JIT=2 rir, fastaredux-naive.r, 2.599
1 R_ENABLE_JIT=0 vanilla-r, fastaredux.r, 1.879
1 R_ENABLE_JIT=0 vanilla-r, fastaredux.r, 1.885
1 R_ENABLE_JIT=0 vanilla-r, fastaredux.r, 1.888
1 R_ENABLE_JIT=0 vanilla-r, fastaredux.r, 1.862
1 R_ENABLE_JIT=0 vanilla-r, fastaredux.r, 1.896
1 R_ENABLE_JIT=0 vanilla-r, fastaredux.r, 1.884
1 R_ENABLE_JIT=0 vanilla-r, fastaredux.r, 1.87
1 R_ENABLE_JIT=0 vanilla-r, fastaredux.r, 1.896
2 R_ENABLE_JIT=2 vanilla-r, fastaredux.r, 0.828
2 R_ENABLE_JIT=2 vanilla-r, fastaredux.r, 0.836
2 R_ENABLE_JIT=2 vanilla-r, fastaredux.r, 0.843
2 R_ENABLE_JIT=2 vanilla-r, fastaredux.r, 0.851
2 R_ENABLE_JIT=2 vanilla-r, fastaredux.r, 0.850000000000001
2 R_ENABLE_JIT=2 vanilla-r, fastaredux.r, 0.850000000000001
2 R_ENABLE_JIT=2 vanilla-r, fastaredux.r, 0.854000000000001
2 R_ENABLE_JIT=2 vanilla-r, fastaredux.r, 0.831000000000001
3 R_ENABLE_JIT=2 rir, fastaredux.r, 1.512
3 R_ENABLE_JIT=2 rir, fastaredux.r, 1.515
3 R_ENABLE_JIT=2 rir, fastaredux.r, 1.496
3 R_ENABLE_JIT=2 rir, fastaredux.r, 1.495
3 R_ENABLE_JIT=2 rir, fastaredux.r, 1.512
3 R_ENABLE_JIT=2 rir, fastaredux.r, 1.475
3 R_ENABLE_JIT=2 rir, fastaredux.r, 1.506
3 R_ENABLE_JIT=2 rir, fastaredux.r, 1.502
1 R_ENABLE_JIT=0 vanilla-r, knucleotide-brute2.r, 6.645
1 R_ENABLE_JIT=0 vanilla-r, knucleotide-brute2.r, 6.71
1 R_ENABLE_JIT=0 vanilla-r, knucleotide-brute2.r, 7.866
1 R_ENABLE_JIT=0 vanilla-r, knucleotide-brute2.r, 7.575
1 R_ENABLE_JIT=0 vanilla-r, knucleotide-brute2.r, 6.53
1 R_ENABLE_JIT=0 vanilla-r, knucleotide-brute2.r, 6.83499999999999
1 R_ENABLE_JIT=0 vanilla-r, knucleotide-brute2.r, 6.873
1 R_ENABLE_JIT=0 vanilla-r, knucleotide-brute2.r, 6.79600000000001
2 R_ENABLE_JIT=2 vanilla-r, knucleotide-brute2.r, 5.963
2 R_ENABLE_JIT=2 vanilla-r, knucleotide-brute2.r, 5.96
2 R_ENABLE_JIT=2 vanilla-r, knucleotide-brute2.r, 5.925
2 R_ENABLE_JIT=2 vanilla-r, knucleotide-brute2.r, 5.61
2 R_ENABLE_JIT=2 vanilla-r, knucleotide-brute2.r, 5.57400000000001
2 R_ENABLE_JIT=2 vanilla-r, knucleotide-brute2.r, 5.419
2 R_ENABLE_JIT=2 vanilla-r, knucleotide-brute2.r, 4.85899999999999
2 R_ENABLE_JIT=2 vanilla-r, knucleotide-brute2.r, 5.09399999999999
3 R_ENABLE_JIT=2 rir, knucleotide-brute2.r, 5.439
3 R_ENABLE_JIT=2 rir, knucleotide-brute2.r, 5.468
3 R_ENABLE_JIT=2 rir, knucleotide-brute2.r, 5.488
3 R_ENABLE_JIT=2 rir, knucleotide-brute2.r, 5.509
3 R_ENABLE_JIT=2 rir, knucleotide-brute2.r, 5.513
3 R_ENABLE_JIT=2 rir, knucleotide-brute2.r, 5.332
3 R_ENABLE_JIT=2 rir, knucleotide-brute2.r, 5.42099999999999
3 R_ENABLE_JIT=2 rir, knucleotide-brute2.r, 5.49499999999999
1 R_ENABLE_JIT=0 vanilla-r, knucleotide-brute3.r, 7.56
1 R_ENABLE_JIT=0 vanilla-r, knucleotide-brute3.r, 7.58
1 R_ENABLE_JIT=0 vanilla-r, knucleotide-brute3.r, 7.571
1 R_ENABLE_JIT=0 vanilla-r, knucleotide-brute3.r, 7.552
1 R_ENABLE_JIT=0 vanilla-r, knucleotide-brute3.r, 7.563
1 R_ENABLE_JIT=0 vanilla-r, knucleotide-brute3.r, 7.607
1 R_ENABLE_JIT=0 vanilla-r, knucleotide-brute3.r, 7.586
1 R_ENABLE_JIT=0 vanilla-r, knucleotide-brute3.r, 7.59599999999999
2 R_ENABLE_JIT=2 vanilla-r, knucleotide-brute3.r, 8.017
2 R_ENABLE_JIT=2 vanilla-r, knucleotide-brute3.r, 7.896
2 R_ENABLE_JIT=2 vanilla-r, knucleotide-brute3.r, 7.929
2 R_ENABLE_JIT=2 vanilla-r, knucleotide-brute3.r, 7.857
2 R_ENABLE_JIT=2 vanilla-r, knucleotide-brute3.r, 7.855
2 R_ENABLE_JIT=2 vanilla-r, knucleotide-brute3.r, 7.863
2 R_ENABLE_JIT=2 vanilla-r, knucleotide-brute3.r, 7.91799999999999
2 R_ENABLE_JIT=2 vanilla-r, knucleotide-brute3.r, 7.869
3 R_ENABLE_JIT=2 rir, knucleotide-brute3.r, 8.16
3 R_ENABLE_JIT=2 rir, knucleotide-brute3.r, 8.173
3 R_ENABLE_JIT=2 rir, knucleotide-brute3.r, 8.17100000000001
3 R_ENABLE_JIT=2 rir, knucleotide-brute3.r, 8.16
3 R_ENABLE_JIT=2 rir, knucleotide-brute3.r, 8.178
3 R_ENABLE_JIT=2 rir, knucleotide-brute3.r, 8.142
3 R_ENABLE_JIT=2 rir, knucleotide-brute3.r, 8.173
3 R_ENABLE_JIT=2 rir, knucleotide-brute3.r, 8.175
1 R_ENABLE_JIT=0 vanilla-r, knucleotide-brute.r, 7.30099999999999
1 R_ENABLE_JIT=0 vanilla-r, knucleotide-brute.r, 7.3
1 R_ENABLE_JIT=0 vanilla-r, knucleotide-brute.r, 7.297
1 R_ENABLE_JIT=0 vanilla-r, knucleotide-brute.r, 7.36900000000001
1 R_ENABLE_JIT=0 vanilla-r, knucleotide-brute.r, 7.32599999999999
1 R_ENABLE_JIT=0 vanilla-r, knucleotide-brute.r, 7.337
1 R_ENABLE_JIT=0 vanilla-r, knucleotide-brute.r, 7.316
1 R_ENABLE_JIT=0 vanilla-r, knucleotide-brute.r, 7.355
1 R_ENABLE_JIT=0 vanilla-r, knucleotide-brute.r, 7.328
1 R_ENABLE_JIT=0 vanilla-r, knucleotide-brute.r, 7.31099999999999
1 R_ENABLE_JIT=0 vanilla-r, knucleotide-brute.r, 7.32799999999999
1 R_ENABLE_JIT=0 vanilla-r, knucleotide-brute.r, 7.30600000000001
1 R_ENABLE_JIT=0 vanilla-r, knucleotide-brute.r, 7.331
1 R_ENABLE_JIT=0 vanilla-r, knucleotide-brute.r, 7.31800000000001
1 R_ENABLE_JIT=0 vanilla-r, knucleotide-brute.r, 7.32000000000002
1 R_ENABLE_JIT=0 vanilla-r, knucleotide-brute.r, 7.31399999999999
2 R_ENABLE_JIT=2 vanilla-r, knucleotide-brute.r, 7.58799999999999
2 R_ENABLE_JIT=2 vanilla-r, knucleotide-brute.r, 7.567
2 R_ENABLE_JIT=2 vanilla-r, knucleotide-brute.r, 7.58200000000001
2 R_ENABLE_JIT=2 vanilla-r, knucleotide-brute.r, 7.58799999999999
2 R_ENABLE_JIT=2 vanilla-r, knucleotide-brute.r, 7.61099999999999
2 R_ENABLE_JIT=2 vanilla-r, knucleotide-brute.r, 7.566
2 R_ENABLE_JIT=2 vanilla-r, knucleotide-brute.r, 7.565
2 R_ENABLE_JIT=2 vanilla-r, knucleotide-brute.r, 7.58600000000001
2 R_ENABLE_JIT=2 vanilla-r, knucleotide-brute.r, 7.559
2 R_ENABLE_JIT=2 vanilla-r, knucleotide-brute.r, 7.59299999999999
2 R_ENABLE_JIT=2 vanilla-r, knucleotide-brute.r, 7.58500000000001
2 R_ENABLE_JIT=2 vanilla-r, knucleotide-brute.r, 7.566
2 R_ENABLE_JIT=2 vanilla-r, knucleotide-brute.r, 7.55700000000002
2 R_ENABLE_JIT=2 vanilla-r, knucleotide-brute.r, 7.56099999999998
2 R_ENABLE_JIT=2 vanilla-r, knucleotide-brute.r, 7.58600000000001
2 R_ENABLE_JIT=2 vanilla-r, knucleotide-brute.r, 7.56199999999998
3 R_ENABLE_JIT=2 rir, knucleotide-brute.r, 7.365
3 R_ENABLE_JIT=2 rir, knucleotide-brute.r, 7.35899999999999
3 R_ENABLE_JIT=2 rir, knucleotide-brute.r, 7.368
3 R_ENABLE_JIT=2 rir, knucleotide-brute.r, 7.367
3 R_ENABLE_JIT=2 rir, knucleotide-brute.r, 7.363
3 R_ENABLE_JIT=2 rir, knucleotide-brute.r, 7.358
3 R_ENABLE_JIT=2 rir, knucleotide-brute.r, 7.35199999999999
3 R_ENABLE_JIT=2 rir, knucleotide-brute.r, 7.357
3 R_ENABLE_JIT=2 rir, knucleotide-brute.r, 7.354
3 R_ENABLE_JIT=2 rir, knucleotide-brute.r, 7.346
3 R_ENABLE_JIT=2 rir, knucleotide-brute.r, 7.36199999999999
3 R_ENABLE_JIT=2 rir, knucleotide-brute.r, 7.39
3 R_ENABLE_JIT=2 rir, knucleotide-brute.r, 7.36199999999999
3 R_ENABLE_JIT=2 rir, knucleotide-brute.r, 7.36499999999998
3 R_ENABLE_JIT=2 rir, knucleotide-brute.r, 7.34899999999999
3 R_ENABLE_JIT=2 rir, knucleotide-brute.r, 7.357
1 R_ENABLE_JIT=0 vanilla-r, knucleotide.r, 3.506
1 R_ENABLE_JIT=0 vanilla-r, knucleotide.r, 3.36
1 R_ENABLE_JIT=0 vanilla-r, knucleotide.r, 3.402
1 R_ENABLE_JIT=0 vanilla-r, knucleotide.r, 3.37
1 R_ENABLE_JIT=0 vanilla-r, knucleotide.r, 3.342
1 R_ENABLE_JIT=0 vanilla-r, knucleotide.r, 3.351
1 R_ENABLE_JIT=0 vanilla-r, knucleotide.r, 3.302
1 R_ENABLE_JIT=0 vanilla-r, knucleotide.r, 3.325
2 R_ENABLE_JIT=2 vanilla-r, knucleotide.r, 3.29
2 R_ENABLE_JIT=2 vanilla-r, knucleotide.r, 3.244
2 R_ENABLE_JIT=2 vanilla-r, knucleotide.r, 3.242
2 R_ENABLE_JIT=2 vanilla-r, knucleotide.r, 3.187
2 R_ENABLE_JIT=2 vanilla-r, knucleotide.r, 3.152
2 R_ENABLE_JIT=2 vanilla-r, knucleotide.r, 3.173
2 R_ENABLE_JIT=2 vanilla-r, knucleotide.r, 3.109
2 R_ENABLE_JIT=2 vanilla-r, knucleotide.r, 3.068
3 R_ENABLE_JIT=2 rir, knucleotide.r, 3.727
3 R_ENABLE_JIT=2 rir, knucleotide.r, 3.609
3 R_ENABLE_JIT=2 rir, knucleotide.r, 3.616
3 R_ENABLE_JIT=2 rir, knucleotide.r, 3.626
3 R_ENABLE_JIT=2 rir, knucleotide.r, 3.633
3 R_ENABLE_JIT=2 rir, knucleotide.r, 3.56
3 R_ENABLE_JIT=2 rir, knucleotide.r, 3.637
3 R_ENABLE_JIT=2 rir, knucleotide.r, 3.58199999999999
1 R_ENABLE_JIT=0 vanilla-r, mandelbrot-ascii.r, 8.423
1 R_ENABLE_JIT=0 vanilla-r, mandelbrot-ascii.r, 8.434
1 R_ENABLE_JIT=0 vanilla-r, mandelbrot-ascii.r, 8.433
1 R_ENABLE_JIT=0 vanilla-r, mandelbrot-ascii.r, 8.43600000000001
1 R_ENABLE_JIT=0 vanilla-r, mandelbrot-ascii.r, 8.423
1 R_ENABLE_JIT=0 vanilla-r, mandelbrot-ascii.r, 8.432
1 R_ENABLE_JIT=0 vanilla-r, mandelbrot-ascii.r, 8.48100000000001
1 R_ENABLE_JIT=0 vanilla-r, mandelbrot-ascii.r, 8.44500000000001
2 R_ENABLE_JIT=2 vanilla-r, mandelbrot-ascii.r, 8.063
2 R_ENABLE_JIT=2 vanilla-r, mandelbrot-ascii.r, 8.052
2 R_ENABLE_JIT=2 vanilla-r, mandelbrot-ascii.r, 8.063
2 R_ENABLE_JIT=2 vanilla-r, mandelbrot-ascii.r, 8.04799999999999
2 R_ENABLE_JIT=2 vanilla-r, mandelbrot-ascii.r, 8.053
2 R_ENABLE_JIT=2 vanilla-r, mandelbrot-ascii.r, 8.04599999999999
2 R_ENABLE_JIT=2 vanilla-r, mandelbrot-ascii.r, 8.011
2 R_ENABLE_JIT=2 vanilla-r, mandelbrot-ascii.r, 8.095
3 R_ENABLE_JIT=2 rir, mandelbrot-ascii.r, 5.723
3 R_ENABLE_JIT=2 rir, mandelbrot-ascii.r, 5.733
3 R_ENABLE_JIT=2 rir, mandelbrot-ascii.r, 5.674
3 R_ENABLE_JIT=2 rir, mandelbrot-ascii.r, 5.67299999999999
3 R_ENABLE_JIT=2 rir, mandelbrot-ascii.r, 5.674
3 R_ENABLE_JIT=2 rir, mandelbrot-ascii.r, 5.666
3 R_ENABLE_JIT=2 rir, mandelbrot-ascii.r, 5.672
3 R_ENABLE_JIT=2 rir, mandelbrot-ascii.r, 5.67399999999999
1 R_ENABLE_JIT=0 vanilla-r, mandelbrot-naive-ascii.r, 3.081
1 R_ENABLE_JIT=0 vanilla-r, mandelbrot-naive-ascii.r, 3.054
1 R_ENABLE_JIT=0 vanilla-r, mandelbrot-naive-ascii.r, 3.076
1 R_ENABLE_JIT=0 vanilla-r, mandelbrot-naive-ascii.r, 3.023
1 R_ENABLE_JIT=0 vanilla-r, mandelbrot-naive-ascii.r, 3.054
1 R_ENABLE_JIT=0 vanilla-r, mandelbrot-naive-ascii.r, 3.043
1 R_ENABLE_JIT=0 vanilla-r, mandelbrot-naive-ascii.r, 3.029
1 R_ENABLE_JIT=0 vanilla-r, mandelbrot-naive-ascii.r, 3.048
2 R_ENABLE_JIT=2 vanilla-r, mandelbrot-naive-ascii.r, 1.503
2 R_ENABLE_JIT=2 vanilla-r, mandelbrot-naive-ascii.r, 1.475
2 R_ENABLE_JIT=2 vanilla-r, mandelbrot-naive-ascii.r, 1.516
2 R_ENABLE_JIT=2 vanilla-r, mandelbrot-naive-ascii.r, 1.48
2 R_ENABLE_JIT=2 vanilla-r, mandelbrot-naive-ascii.r, 1.501
2 R_ENABLE_JIT=2 vanilla-r, mandelbrot-naive-ascii.r, 1.488
2 R_ENABLE_JIT=2 vanilla-r, mandelbrot-naive-ascii.r, 1.502
2 R_ENABLE_JIT=2 vanilla-r, mandelbrot-naive-ascii.r, 1.493
3 R_ENABLE_JIT=2 rir, mandelbrot-naive-ascii.r, 3.584
3 R_ENABLE_JIT=2 rir, mandelbrot-naive-ascii.r, 3.554
3 R_ENABLE_JIT=2 rir, mandelbrot-naive-ascii.r, 3.604
3 R_ENABLE_JIT=2 rir, mandelbrot-naive-ascii.r, 3.561
3 R_ENABLE_JIT=2 rir, mandelbrot-naive-ascii.r, 3.559
3 R_ENABLE_JIT=2 rir, mandelbrot-naive-ascii.r, 3.55
3 R_ENABLE_JIT=2 rir, mandelbrot-naive-ascii.r, 3.55399999999999
3 R_ENABLE_JIT=2 rir, mandelbrot-naive-ascii.r, 3.58300000000001
1 R_ENABLE_JIT=0 vanilla-r, mandelbrot-naive.r, 3.076
1 R_ENABLE_JIT=0 vanilla-r, mandelbrot-naive.r, 3.091
1 R_ENABLE_JIT=0 vanilla-r, mandelbrot-naive.r, 3.076
1 R_ENABLE_JIT=0 vanilla-r, mandelbrot-naive.r, 3.074
1 R_ENABLE_JIT=0 vanilla-r, mandelbrot-naive.r, 3.08
1 R_ENABLE_JIT=0 vanilla-r, mandelbrot-naive.r, 3.071
1 R_ENABLE_JIT=0 vanilla-r, mandelbrot-naive.r, 3.075
1 R_ENABLE_JIT=0 vanilla-r, mandelbrot-naive.r, 3.036
2 R_ENABLE_JIT=2 vanilla-r, mandelbrot-naive.r, 1.51
2 R_ENABLE_JIT=2 vanilla-r, mandelbrot-naive.r, 1.499
2 R_ENABLE_JIT=2 vanilla-r, mandelbrot-naive.r, 1.521
2 R_ENABLE_JIT=2 vanilla-r, mandelbrot-naive.r, 1.506
2 R_ENABLE_JIT=2 vanilla-r, mandelbrot-naive.r, 1.506
2 R_ENABLE_JIT=2 vanilla-r, mandelbrot-naive.r, 1.499
2 R_ENABLE_JIT=2 vanilla-r, mandelbrot-naive.r, 1.488
2 R_ENABLE_JIT=2 vanilla-r, mandelbrot-naive.r, 1.503
3 R_ENABLE_JIT=2 rir, mandelbrot-naive.r, 3.628
3 R_ENABLE_JIT=2 rir, mandelbrot-naive.r, 3.617
3 R_ENABLE_JIT=2 rir, mandelbrot-naive.r, 3.648
3 R_ENABLE_JIT=2 rir, mandelbrot-naive.r, 3.604
3 R_ENABLE_JIT=2 rir, mandelbrot-naive.r, 3.63
3 R_ENABLE_JIT=2 rir, mandelbrot-naive.r, 3.601
3 R_ENABLE_JIT=2 rir, mandelbrot-naive.r, 3.61499999999999
3 R_ENABLE_JIT=2 rir, mandelbrot-naive.r, 3.603
1 R_ENABLE_JIT=0 vanilla-r, mandelbrot-noout-naive.r, 3.26
1 R_ENABLE_JIT=0 vanilla-r, mandelbrot-noout-naive.r, 3.255
1 R_ENABLE_JIT=0 vanilla-r, mandelbrot-noout-naive.r, 3.254
1 R_ENABLE_JIT=0 vanilla-r, mandelbrot-noout-naive.r, 3.242
1 R_ENABLE_JIT=0 vanilla-r, mandelbrot-noout-naive.r, 3.243
1 R_ENABLE_JIT=0 vanilla-r, mandelbrot-noout-naive.r, 3.255
1 R_ENABLE_JIT=0 vanilla-r, mandelbrot-noout-naive.r, 3.245
1 R_ENABLE_JIT=0 vanilla-r, mandelbrot-noout-naive.r, 3.253
2 R_ENABLE_JIT=2 vanilla-r, mandelbrot-noout-naive.r, 3.267
2 R_ENABLE_JIT=2 vanilla-r, mandelbrot-noout-naive.r, 3.261
2 R_ENABLE_JIT=2 vanilla-r, mandelbrot-noout-naive.r, 3.25
2 R_ENABLE_JIT=2 vanilla-r, mandelbrot-noout-naive.r, 3.245
2 R_ENABLE_JIT=2 vanilla-r, mandelbrot-noout-naive.r, 3.244
2 R_ENABLE_JIT=2 vanilla-r, mandelbrot-noout-naive.r, 3.26000000000001
2 R_ENABLE_JIT=2 vanilla-r, mandelbrot-noout-naive.r, 3.25
2 R_ENABLE_JIT=2 vanilla-r, mandelbrot-noout-naive.r, 3.259
3 R_ENABLE_JIT=2 rir, mandelbrot-noout-naive.r, 2.137
3 R_ENABLE_JIT=2 rir, mandelbrot-noout-naive.r, 2.154
3 R_ENABLE_JIT=2 rir, mandelbrot-noout-naive.r, 2.133
3 R_ENABLE_JIT=2 rir, mandelbrot-noout-naive.r, 2.132
3 R_ENABLE_JIT=2 rir, mandelbrot-noout-naive.r, 2.134
3 R_ENABLE_JIT=2 rir, mandelbrot-noout-naive.r, 2.145
3 R_ENABLE_JIT=2 rir, mandelbrot-noout-naive.r, 2.117
3 R_ENABLE_JIT=2 rir, mandelbrot-noout-naive.r, 2.143
1 R_ENABLE_JIT=0 vanilla-r, mandelbrot-noout.r, 7.566
1 R_ENABLE_JIT=0 vanilla-r, mandelbrot-noout.r, 7.569
1 R_ENABLE_JIT=0 vanilla-r, mandelbrot-noout.r, 7.576
1 R_ENABLE_JIT=0 vanilla-r, mandelbrot-noout.r, 7.57200000000001
1 R_ENABLE_JIT=0 vanilla-r, mandelbrot-noout.r, 7.56399999999999
1 R_ENABLE_JIT=0 vanilla-r, mandelbrot-noout.r, 7.596
1 R_ENABLE_JIT=0 vanilla-r, mandelbrot-noout.r, 7.57100000000001
1 R_ENABLE_JIT=0 vanilla-r, mandelbrot-noout.r, 7.60299999999999
2 R_ENABLE_JIT=2 vanilla-r, mandelbrot-noout.r, 7.23
2 R_ENABLE_JIT=2 vanilla-r, mandelbrot-noout.r, 7.21299999999999
2 R_ENABLE_JIT=2 vanilla-r, mandelbrot-noout.r, 7.222
2 R_ENABLE_JIT=2 vanilla-r, mandelbrot-noout.r, 7.215
2 R_ENABLE_JIT=2 vanilla-r, mandelbrot-noout.r, 7.226
2 R_ENABLE_JIT=2 vanilla-r, mandelbrot-noout.r, 7.214
2 R_ENABLE_JIT=2 vanilla-r, mandelbrot-noout.r, 7.211
2 R_ENABLE_JIT=2 vanilla-r, mandelbrot-noout.r, 7.22000000000001
3 R_ENABLE_JIT=2 rir, mandelbrot-noout.r, 4.808
3 R_ENABLE_JIT=2 rir, mandelbrot-noout.r, 4.807
3 R_ENABLE_JIT=2 rir, mandelbrot-noout.r, 4.822
3 R_ENABLE_JIT=2 rir, mandelbrot-noout.r, 4.819
3 R_ENABLE_JIT=2 rir, mandelbrot-noout.r, 4.813
3 R_ENABLE_JIT=2 rir, mandelbrot-noout.r, 4.811
3 R_ENABLE_JIT=2 rir, mandelbrot-noout.r, 4.809
3 R_ENABLE_JIT=2 rir, mandelbrot-noout.r, 4.812
1 R_ENABLE_JIT=0 vanilla-r, mandelbrot.r, 4.725
1 R_ENABLE_JIT=0 vanilla-r, mandelbrot.r, 4.728
1 R_ENABLE_JIT=0 vanilla-r, mandelbrot.r, 4.739
1 R_ENABLE_JIT=0 vanilla-r, mandelbrot.r, 4.72900000000001
1 R_ENABLE_JIT=0 vanilla-r, mandelbrot.r, 4.732
1 R_ENABLE_JIT=0 vanilla-r, mandelbrot.r, 4.726
1 R_ENABLE_JIT=0 vanilla-r, mandelbrot.r, 4.733
1 R_ENABLE_JIT=0 vanilla-r, mandelbrot.r, 4.72799999999999
2 R_ENABLE_JIT=2 vanilla-r, mandelbrot.r, 4.302
2 R_ENABLE_JIT=2 vanilla-r, mandelbrot.r, 4.312
2 R_ENABLE_JIT=2 vanilla-r, mandelbrot.r, 4.304
2 R_ENABLE_JIT=2 vanilla-r, mandelbrot.r, 4.302
2 R_ENABLE_JIT=2 vanilla-r, mandelbrot.r, 4.32
2 R_ENABLE_JIT=2 vanilla-r, mandelbrot.r, 4.298
2 R_ENABLE_JIT=2 vanilla-r, mandelbrot.r, 4.31
2 R_ENABLE_JIT=2 vanilla-r, mandelbrot.r, 4.297
3 R_ENABLE_JIT=2 rir, mandelbrot.r, 4.948
3 R_ENABLE_JIT=2 rir, mandelbrot.r, 4.948
3 R_ENABLE_JIT=2 rir, mandelbrot.r, 4.943
3 R_ENABLE_JIT=2 rir, mandelbrot.r, 4.959
3 R_ENABLE_JIT=2 rir, mandelbrot.r, 4.952
3 R_ENABLE_JIT=2 rir, mandelbrot.r, 4.957
3 R_ENABLE_JIT=2 rir, mandelbrot.r, 4.91200000000001
3 R_ENABLE_JIT=2 rir, mandelbrot.r, 4.948
1 R_ENABLE_JIT=0 vanilla-r, nbody-2.r, 3.372
1 R_ENABLE_JIT=0 vanilla-r, nbody-2.r, 3.326
1 R_ENABLE_JIT=0 vanilla-r, nbody-2.r, 3.363
1 R_ENABLE_JIT=0 vanilla-r, nbody-2.r, 3.351
1 R_ENABLE_JIT=0 vanilla-r, nbody-2.r, 3.35
1 R_ENABLE_JIT=0 vanilla-r, nbody-2.r, 3.334
1 R_ENABLE_JIT=0 vanilla-r, nbody-2.r, 3.375
1 R_ENABLE_JIT=0 vanilla-r, nbody-2.r, 3.34
2 R_ENABLE_JIT=2 vanilla-r, nbody-2.r, 2.603
2 R_ENABLE_JIT=2 vanilla-r, nbody-2.r, 2.558
2 R_ENABLE_JIT=2 vanilla-r, nbody-2.r, 2.599
2 R_ENABLE_JIT=2 vanilla-r, nbody-2.r, 2.58
2 R_ENABLE_JIT=2 vanilla-r, nbody-2.r, 2.57
2 R_ENABLE_JIT=2 vanilla-r, nbody-2.r, 2.549
2 R_ENABLE_JIT=2 vanilla-r, nbody-2.r, 2.564
2 R_ENABLE_JIT=2 vanilla-r, nbody-2.r, 2.53
3 R_ENABLE_JIT=2 rir, nbody-2.r, 4.125
3 R_ENABLE_JIT=2 rir, nbody-2.r, 4.071
3 R_ENABLE_JIT=2 rir, nbody-2.r, 4.095
3 R_ENABLE_JIT=2 rir, nbody-2.r, 4.087
3 R_ENABLE_JIT=2 rir, nbody-2.r, 4.107
3 R_ENABLE_JIT=2 rir, nbody-2.r, 4.071
3 R_ENABLE_JIT=2 rir, nbody-2.r, 4.105
3 R_ENABLE_JIT=2 rir, nbody-2.r, 4.076
1 R_ENABLE_JIT=0 vanilla-r, nbody-3.r, 3.327
1 R_ENABLE_JIT=0 vanilla-r, nbody-3.r, 3.297
1 R_ENABLE_JIT=0 vanilla-r, nbody-3.r, 3.329
1 R_ENABLE_JIT=0 vanilla-r, nbody-3.r, 3.282
1 R_ENABLE_JIT=0 vanilla-r, nbody-3.r, 3.297
1 R_ENABLE_JIT=0 vanilla-r, nbody-3.r, 3.276
1 R_ENABLE_JIT=0 vanilla-r, nbody-3.r, 3.289
1 R_ENABLE_JIT=0 vanilla-r, nbody-3.r, 3.255
2 R_ENABLE_JIT=2 vanilla-r, nbody-3.r, 2.624
2 R_ENABLE_JIT=2 vanilla-r, nbody-3.r, 2.587
2 R_ENABLE_JIT=2 vanilla-r, nbody-3.r, 2.623
2 R_ENABLE_JIT=2 vanilla-r, nbody-3.r, 2.613
2 R_ENABLE_JIT=2 vanilla-r, nbody-3.r, 2.625
2 R_ENABLE_JIT=2 vanilla-r, nbody-3.r, 2.601
2 R_ENABLE_JIT=2 vanilla-r, nbody-3.r, 2.637
2 R_ENABLE_JIT=2 vanilla-r, nbody-3.r, 2.596
3 R_ENABLE_JIT=2 rir, nbody-3.r, 4.07
3 R_ENABLE_JIT=2 rir, nbody-3.r, 4.051
3 R_ENABLE_JIT=2 rir, nbody-3.r, 4.07
3 R_ENABLE_JIT=2 rir, nbody-3.r, 4.078
3 R_ENABLE_JIT=2 rir, nbody-3.r, 4.095
3 R_ENABLE_JIT=2 rir, nbody-3.r, 4.05
3 R_ENABLE_JIT=2 rir, nbody-3.r, 4.07
3 R_ENABLE_JIT=2 rir, nbody-3.r, 4.036
1 R_ENABLE_JIT=0 vanilla-r, nbody-naive2.r, 4.702
1 R_ENABLE_JIT=0 vanilla-r, nbody-naive2.r, 4.637
1 R_ENABLE_JIT=0 vanilla-r, nbody-naive2.r, 4.676
1 R_ENABLE_JIT=0 vanilla-r, nbody-naive2.r, 4.643
1 R_ENABLE_JIT=0 vanilla-r, nbody-naive2.r, 4.666
1 R_ENABLE_JIT=0 vanilla-r, nbody-naive2.r, 4.646
1 R_ENABLE_JIT=0 vanilla-r, nbody-naive2.r, 4.682
1 R_ENABLE_JIT=0 vanilla-r, nbody-naive2.r, 4.64
2 R_ENABLE_JIT=2 vanilla-r, nbody-naive2.r, 3.021
2 R_ENABLE_JIT=2 vanilla-r, nbody-naive2.r, 2.988
2 R_ENABLE_JIT=2 vanilla-r, nbody-naive2.r, 3.013
2 R_ENABLE_JIT=2 vanilla-r, nbody-naive2.r, 2.974
2 R_ENABLE_JIT=2 vanilla-r, nbody-naive2.r, 3.001
2 R_ENABLE_JIT=2 vanilla-r, nbody-naive2.r, 2.958
2 R_ENABLE_JIT=2 vanilla-r, nbody-naive2.r, 3.002
2 R_ENABLE_JIT=2 vanilla-r, nbody-naive2.r, 2.944
3 R_ENABLE_JIT=2 rir, nbody-naive2.r, 5.316
3 R_ENABLE_JIT=2 rir, nbody-naive2.r, 5.27
3 R_ENABLE_JIT=2 rir, nbody-naive2.r, 5.32
3 R_ENABLE_JIT=2 rir, nbody-naive2.r, 5.242
3 R_ENABLE_JIT=2 rir, nbody-naive2.r, 5.254
3 R_ENABLE_JIT=2 rir, nbody-naive2.r, 5.168
3 R_ENABLE_JIT=2 rir, nbody-naive2.r, 5.183
3 R_ENABLE_JIT=2 rir, nbody-naive2.r, 5.142
1 R_ENABLE_JIT=0 vanilla-r, nbody-naive.r, 8.118
1 R_ENABLE_JIT=0 vanilla-r, nbody-naive.r, 8.088
1 R_ENABLE_JIT=0 vanilla-r, nbody-naive.r, 8.124
1 R_ENABLE_JIT=0 vanilla-r, nbody-naive.r, 8.078
1 R_ENABLE_JIT=0 vanilla-r, nbody-naive.r, 8.13
1 R_ENABLE_JIT=0 vanilla-r, nbody-naive.r, 8.081
1 R_ENABLE_JIT=0 vanilla-r, nbody-naive.r, 8.143
1 R_ENABLE_JIT=0 vanilla-r, nbody-naive.r, 8.083
1 R_ENABLE_JIT=0 vanilla-r, nbody-naive.r, 8.16600000000001
1 R_ENABLE_JIT=0 vanilla-r, nbody-naive.r, 8.089
1 R_ENABLE_JIT=0 vanilla-r, nbody-naive.r, 8.12200000000001
1 R_ENABLE_JIT=0 vanilla-r, nbody-naive.r, 8.08499999999998
1 R_ENABLE_JIT=0 vanilla-r, nbody-naive.r, 8.131
1 R_ENABLE_JIT=0 vanilla-r, nbody-naive.r, 8.077
1 R_ENABLE_JIT=0 vanilla-r, nbody-naive.r, 8.137
1 R_ENABLE_JIT=0 vanilla-r, nbody-naive.r, 8.08099999999999
2 R_ENABLE_JIT=2 vanilla-r, nbody-naive.r, 1.581
2 R_ENABLE_JIT=2 vanilla-r, nbody-naive.r, 1.579
2 R_ENABLE_JIT=2 vanilla-r, nbody-naive.r, 1.568
2 R_ENABLE_JIT=2 vanilla-r, nbody-naive.r, 1.589
2 R_ENABLE_JIT=2 vanilla-r, nbody-naive.r, 1.569
2 R_ENABLE_JIT=2 vanilla-r, nbody-naive.r, 1.578
2 R_ENABLE_JIT=2 vanilla-r, nbody-naive.r, 1.584
2 R_ENABLE_JIT=2 vanilla-r, nbody-naive.r, 1.591
2 R_ENABLE_JIT=2 vanilla-r, nbody-naive.r, 1.575
2 R_ENABLE_JIT=2 vanilla-r, nbody-naive.r, 1.581
2 R_ENABLE_JIT=2 vanilla-r, nbody-naive.r, 1.582
2 R_ENABLE_JIT=2 vanilla-r, nbody-naive.r, 1.569
2 R_ENABLE_JIT=2 vanilla-r, nbody-naive.r, 1.592
2 R_ENABLE_JIT=2 vanilla-r, nbody-naive.r, 1.569
2 R_ENABLE_JIT=2 vanilla-r, nbody-naive.r, 1.578
2 R_ENABLE_JIT=2 vanilla-r, nbody-naive.r, 1.576
3 R_ENABLE_JIT=2 rir, nbody-naive.r, 7.64599999999999
3 R_ENABLE_JIT=2 rir, nbody-naive.r, 7.633
3 R_ENABLE_JIT=2 rir, nbody-naive.r, 7.674
3 R_ENABLE_JIT=2 rir, nbody-naive.r, 7.637
3 R_ENABLE_JIT=2 rir, nbody-naive.r, 7.71199999999999
3 R_ENABLE_JIT=2 rir, nbody-naive.r, 7.66900000000001
3 R_ENABLE_JIT=2 rir, nbody-naive.r, 7.691
3 R_ENABLE_JIT=2 rir, nbody-naive.r, 7.628
3 R_ENABLE_JIT=2 rir, nbody-naive.r, 7.67099999999999
3 R_ENABLE_JIT=2 rir, nbody-naive.r, 7.62700000000001
3 R_ENABLE_JIT=2 rir, nbody-naive.r, 7.664
3 R_ENABLE_JIT=2 rir, nbody-naive.r, 7.64099999999999
3 R_ENABLE_JIT=2 rir, nbody-naive.r, 7.702
3 R_ENABLE_JIT=2 rir, nbody-naive.r, 7.66900000000001
3 R_ENABLE_JIT=2 rir, nbody-naive.r, 7.70699999999999
3 R_ENABLE_JIT=2 rir, nbody-naive.r, 7.626
1 R_ENABLE_JIT=0 vanilla-r, nbody.r, 1.424
1 R_ENABLE_JIT=0 vanilla-r, nbody.r, 1.412
1 R_ENABLE_JIT=0 vanilla-r, nbody.r, 1.428
1 R_ENABLE_JIT=0 vanilla-r, nbody.r, 1.426
1 R_ENABLE_JIT=0 vanilla-r, nbody.r, 1.422
1 R_ENABLE_JIT=0 vanilla-r, nbody.r, 1.416
1 R_ENABLE_JIT=0 vanilla-r, nbody.r, 1.415
1 R_ENABLE_JIT=0 vanilla-r, nbody.r, 1.405
2 R_ENABLE_JIT=2 vanilla-r, nbody.r, 1.321
2 R_ENABLE_JIT=2 vanilla-r, nbody.r, 1.291
2 R_ENABLE_JIT=2 vanilla-r, nbody.r, 1.312
2 R_ENABLE_JIT=2 vanilla-r, nbody.r, 1.286
2 R_ENABLE_JIT=2 vanilla-r, nbody.r, 1.302
2 R_ENABLE_JIT=2 vanilla-r, nbody.r, 1.29
2 R_ENABLE_JIT=2 vanilla-r, nbody.r, 1.303
2 R_ENABLE_JIT=2 vanilla-r, nbody.r, 1.292
3 R_ENABLE_JIT=2 rir, nbody.r, 2.05
3 R_ENABLE_JIT=2 rir, nbody.r, 2.04
3 R_ENABLE_JIT=2 rir, nbody.r, 2.03
3 R_ENABLE_JIT=2 rir, nbody.r, 2.028
3 R_ENABLE_JIT=2 rir, nbody.r, 2.031
3 R_ENABLE_JIT=2 rir, nbody.r, 2.022
3 R_ENABLE_JIT=2 rir, nbody.r, 2.035
3 R_ENABLE_JIT=2 rir, nbody.r, 2.021
1 R_ENABLE_JIT=0 vanilla-r, pidigits.r, 3.819
1 R_ENABLE_JIT=0 vanilla-r, pidigits.r, 3.814
1 R_ENABLE_JIT=0 vanilla-r, pidigits.r, 3.848
1 R_ENABLE_JIT=0 vanilla-r, pidigits.r, 3.799
1 R_ENABLE_JIT=0 vanilla-r, pidigits.r, 3.792
1 R_ENABLE_JIT=0 vanilla-r, pidigits.r, 3.763
1 R_ENABLE_JIT=0 vanilla-r, pidigits.r, 3.758
1 R_ENABLE_JIT=0 vanilla-r, pidigits.r, 3.692
2 R_ENABLE_JIT=2 vanilla-r, pidigits.r, 2.381
2 R_ENABLE_JIT=2 vanilla-r, pidigits.r, 2.341
2 R_ENABLE_JIT=2 vanilla-r, pidigits.r, 2.364
2 R_ENABLE_JIT=2 vanilla-r, pidigits.r, 2.331
2 R_ENABLE_JIT=2 vanilla-r, pidigits.r, 2.317
2 R_ENABLE_JIT=2 vanilla-r, pidigits.r, 2.308
2 R_ENABLE_JIT=2 vanilla-r, pidigits.r, 2.334
2 R_ENABLE_JIT=2 vanilla-r, pidigits.r, 2.326
3 R_ENABLE_JIT=2 rir, pidigits.r, 1.346
3 R_ENABLE_JIT=2 rir, pidigits.r, 1.341
3 R_ENABLE_JIT=2 rir, pidigits.r, 1.353
3 R_ENABLE_JIT=2 rir, pidigits.r, 1.352
3 R_ENABLE_JIT=2 rir, pidigits.r, 1.351
3 R_ENABLE_JIT=2 rir, pidigits.r, 1.33
3 R_ENABLE_JIT=2 rir, pidigits.r, 1.343
3 R_ENABLE_JIT=2 rir, pidigits.r, 1.338
1 R_ENABLE_JIT=0 vanilla-r, regexdna.r, 1.623
1 R_ENABLE_JIT=0 vanilla-r, regexdna.r, 1.625
1 R_ENABLE_JIT=0 vanilla-r, regexdna.r, 1.616
1 R_ENABLE_JIT=0 vanilla-r, regexdna.r, 1.636
1 R_ENABLE_JIT=0 vanilla-r, regexdna.r, 1.642
1 R_ENABLE_JIT=0 vanilla-r, regexdna.r, 1.624
1 R_ENABLE_JIT=0 vanilla-r, regexdna.r, 1.622
1 R_ENABLE_JIT=0 vanilla-r, regexdna.r, 1.639
2 R_ENABLE_JIT=2 vanilla-r, regexdna.r, 1.64
2 R_ENABLE_JIT=2 vanilla-r, regexdna.r, 1.631
2 R_ENABLE_JIT=2 vanilla-r, regexdna.r, 1.639
2 R_ENABLE_JIT=2 vanilla-r, regexdna.r, 1.648
2 R_ENABLE_JIT=2 vanilla-r, regexdna.r, 1.652
2 R_ENABLE_JIT=2 vanilla-r, regexdna.r, 1.632
2 R_ENABLE_JIT=2 vanilla-r, regexdna.r, 1.628
2 R_ENABLE_JIT=2 vanilla-r, regexdna.r, 1.628
3 R_ENABLE_JIT=2 rir, regexdna.r, 1.631
3 R_ENABLE_JIT=2 rir, regexdna.r, 1.632
3 R_ENABLE_JIT=2 rir, regexdna.r, 1.649
3 R_ENABLE_JIT=2 rir, regexdna.r, 1.654
3 R_ENABLE_JIT=2 rir, regexdna.r, 1.647
3 R_ENABLE_JIT=2 rir, regexdna.r, 1.646
3 R_ENABLE_JIT=2 rir, regexdna.r, 1.621
3 R_ENABLE_JIT=2 rir, regexdna.r, 1.627
1 R_ENABLE_JIT=0 vanilla-r, reversecomplement-2.r, 1.503
1 R_ENABLE_JIT=0 vanilla-r, reversecomplement-2.r, 1.517
1 R_ENABLE_JIT=0 vanilla-r, reversecomplement-2.r, 1.508
1 R_ENABLE_JIT=0 vanilla-r, reversecomplement-2.r, 1.498
1 R_ENABLE_JIT=0 vanilla-r, reversecomplement-2.r, 1.494
1 R_ENABLE_JIT=0 vanilla-r, reversecomplement-2.r, 1.479
1 R_ENABLE_JIT=0 vanilla-r, reversecomplement-2.r, 1.497
1 R_ENABLE_JIT=0 vanilla-r, reversecomplement-2.r, 1.502
2 R_ENABLE_JIT=2 vanilla-r, reversecomplement-2.r, 1.512
2 R_ENABLE_JIT=2 vanilla-r, reversecomplement-2.r, 1.503
2 R_ENABLE_JIT=2 vanilla-r, reversecomplement-2.r, 1.496
2 R_ENABLE_JIT=2 vanilla-r, reversecomplement-2.r, 1.468
2 R_ENABLE_JIT=2 vanilla-r, reversecomplement-2.r, 1.454
2 R_ENABLE_JIT=2 vanilla-r, reversecomplement-2.r, 1.484
2 R_ENABLE_JIT=2 vanilla-r, reversecomplement-2.r, 1.483
2 R_ENABLE_JIT=2 vanilla-r, reversecomplement-2.r, 1.5
3 R_ENABLE_JIT=2 rir, reversecomplement-2.r, 1.598
3 R_ENABLE_JIT=2 rir, reversecomplement-2.r, 1.61
3 R_ENABLE_JIT=2 rir, reversecomplement-2.r, 1.615
3 R_ENABLE_JIT=2 rir, reversecomplement-2.r, 1.611
3 R_ENABLE_JIT=2 rir, reversecomplement-2.r, 1.599
3 R_ENABLE_JIT=2 rir, reversecomplement-2.r, 1.601
3 R_ENABLE_JIT=2 rir, reversecomplement-2.r, 1.607
3 R_ENABLE_JIT=2 rir, reversecomplement-2.r, 1.601
1 R_ENABLE_JIT=0 vanilla-r, reversecomplement-naive.r, 3.296
1 R_ENABLE_JIT=0 vanilla-r, reversecomplement-naive.r, 3.263
1 R_ENABLE_JIT=0 vanilla-r, reversecomplement-naive.r, 3.278
1 R_ENABLE_JIT=0 vanilla-r, reversecomplement-naive.r, 3.241
1 R_ENABLE_JIT=0 vanilla-r, reversecomplement-naive.r, 3.216
1 R_ENABLE_JIT=0 vanilla-r, reversecomplement-naive.r, 3.204
1 R_ENABLE_JIT=0 vanilla-r, reversecomplement-naive.r, 3.198
1 R_ENABLE_JIT=0 vanilla-r, reversecomplement-naive.r, 3.19
2 R_ENABLE_JIT=2 vanilla-r, reversecomplement-naive.r, 1.948
2 R_ENABLE_JIT=2 vanilla-r, reversecomplement-naive.r, 1.945
2 R_ENABLE_JIT=2 vanilla-r, reversecomplement-naive.r, 1.941
2 R_ENABLE_JIT=2 vanilla-r, reversecomplement-naive.r, 1.967
2 R_ENABLE_JIT=2 vanilla-r, reversecomplement-naive.r, 1.962
2 R_ENABLE_JIT=2 vanilla-r, reversecomplement-naive.r, 1.99
2 R_ENABLE_JIT=2 vanilla-r, reversecomplement-naive.r, 1.95
2 R_ENABLE_JIT=2 vanilla-r, reversecomplement-naive.r, 1.935
3 R_ENABLE_JIT=2 rir, reversecomplement-naive.r, 3.271
3 R_ENABLE_JIT=2 rir, reversecomplement-naive.r, 3.25
3 R_ENABLE_JIT=2 rir, reversecomplement-naive.r, 3.213
3 R_ENABLE_JIT=2 rir, reversecomplement-naive.r, 3.231
3 R_ENABLE_JIT=2 rir, reversecomplement-naive.r, 3.212
3 R_ENABLE_JIT=2 rir, reversecomplement-naive.r, 3.21299999999999
3 R_ENABLE_JIT=2 rir, reversecomplement-naive.r, 3.208
3 R_ENABLE_JIT=2 rir, reversecomplement-naive.r, 3.18600000000001
1 R_ENABLE_JIT=0 vanilla-r, reversecomplement.r, 1.585
1 R_ENABLE_JIT=0 vanilla-r, reversecomplement.r, 1.628
1 R_ENABLE_JIT=0 vanilla-r, reversecomplement.r, 1.611
1 R_ENABLE_JIT=0 vanilla-r, reversecomplement.r, 1.607
1 R_ENABLE_JIT=0 vanilla-r, reversecomplement.r, 1.582
1 R_ENABLE_JIT=0 vanilla-r, reversecomplement.r, 1.624
1 R_ENABLE_JIT=0 vanilla-r, reversecomplement.r, 1.616
1 R_ENABLE_JIT=0 vanilla-r, reversecomplement.r, 1.611
2 R_ENABLE_JIT=2 vanilla-r, reversecomplement.r, 1.57
2 R_ENABLE_JIT=2 vanilla-r, reversecomplement.r, 1.574
2 R_ENABLE_JIT=2 vanilla-r, reversecomplement.r, 1.574
2 R_ENABLE_JIT=2 vanilla-r, reversecomplement.r, 1.581
2 R_ENABLE_JIT=2 vanilla-r, reversecomplement.r, 1.577
2 R_ENABLE_JIT=2 vanilla-r, reversecomplement.r, 1.58
2 R_ENABLE_JIT=2 vanilla-r, reversecomplement.r, 1.565
2 R_ENABLE_JIT=2 vanilla-r, reversecomplement.r, 1.564
3 R_ENABLE_JIT=2 rir, reversecomplement.r, 1.679
3 R_ENABLE_JIT=2 rir, reversecomplement.r, 1.667
3 R_ENABLE_JIT=2 rir, reversecomplement.r, 1.679
3 R_ENABLE_JIT=2 rir, reversecomplement.r, 1.678
3 R_ENABLE_JIT=2 rir, reversecomplement.r, 1.679
3 R_ENABLE_JIT=2 rir, reversecomplement.r, 1.653
3 R_ENABLE_JIT=2 rir, reversecomplement.r, 1.657
3 R_ENABLE_JIT=2 rir, reversecomplement.r, 1.635
1 R_ENABLE_JIT=0 vanilla-r, spectralnorm-alt2.r, 1.606
1 R_ENABLE_JIT=0 vanilla-r, spectralnorm-alt2.r, 1.601
1 R_ENABLE_JIT=0 vanilla-r, spectralnorm-alt2.r, 1.489
1 R_ENABLE_JIT=0 vanilla-r, spectralnorm-alt2.r, 1.607
1 R_ENABLE_JIT=0 vanilla-r, spectralnorm-alt2.r, 1.627
1 R_ENABLE_JIT=0 vanilla-r, spectralnorm-alt2.r, 1.514
1 R_ENABLE_JIT=0 vanilla-r, spectralnorm-alt2.r, 1.52
1 R_ENABLE_JIT=0 vanilla-r, spectralnorm-alt2.r, 1.599
2 R_ENABLE_JIT=2 vanilla-r, spectralnorm-alt2.r, 1.518
2 R_ENABLE_JIT=2 vanilla-r, spectralnorm-alt2.r, 1.61
2 R_ENABLE_JIT=2 vanilla-r, spectralnorm-alt2.r, 1.767
2 R_ENABLE_JIT=2 vanilla-r, spectralnorm-alt2.r, 1.703
2 R_ENABLE_JIT=2 vanilla-r, spectralnorm-alt2.r, 1.482
2 R_ENABLE_JIT=2 vanilla-r, spectralnorm-alt2.r, 1.614
2 R_ENABLE_JIT=2 vanilla-r, spectralnorm-alt2.r, 1.74
2 R_ENABLE_JIT=2 vanilla-r, spectralnorm-alt2.r, 1.549
3 R_ENABLE_JIT=2 rir, spectralnorm-alt2.r, 1.129
3 R_ENABLE_JIT=2 rir, spectralnorm-alt2.r, 1.11
3 R_ENABLE_JIT=2 rir, spectralnorm-alt2.r, 1.213
3 R_ENABLE_JIT=2 rir, spectralnorm-alt2.r, 1.146
3 R_ENABLE_JIT=2 rir, spectralnorm-alt2.r, 1.19
3 R_ENABLE_JIT=2 rir, spectralnorm-alt2.r, 1.199
3 R_ENABLE_JIT=2 rir, spectralnorm-alt2.r, 1.12
3 R_ENABLE_JIT=2 rir, spectralnorm-alt2.r, 1.168
1 R_ENABLE_JIT=0 vanilla-r, spectralnorm-alt3.r, 2.679
1 R_ENABLE_JIT=0 vanilla-r, spectralnorm-alt3.r, 2.652
1 R_ENABLE_JIT=0 vanilla-r, spectralnorm-alt3.r, 2.654
1 R_ENABLE_JIT=0 vanilla-r, spectralnorm-alt3.r, 2.684
1 R_ENABLE_JIT=0 vanilla-r, spectralnorm-alt3.r, 2.641
1 R_ENABLE_JIT=0 vanilla-r, spectralnorm-alt3.r, 2.656
1 R_ENABLE_JIT=0 vanilla-r, spectralnorm-alt3.r, 2.665
1 R_ENABLE_JIT=0 vanilla-r, spectralnorm-alt3.r, 2.657
2 R_ENABLE_JIT=2 vanilla-r, spectralnorm-alt3.r, 1.252
2 R_ENABLE_JIT=2 vanilla-r, spectralnorm-alt3.r, 1.286
2 R_ENABLE_JIT=2 vanilla-r, spectralnorm-alt3.r, 1.275
2 R_ENABLE_JIT=2 vanilla-r, spectralnorm-alt3.r, 1.292
2 R_ENABLE_JIT=2 vanilla-r, spectralnorm-alt3.r, 1.295
2 R_ENABLE_JIT=2 vanilla-r, spectralnorm-alt3.r, 1.263
2 R_ENABLE_JIT=2 vanilla-r, spectralnorm-alt3.r, 1.266
2 R_ENABLE_JIT=2 vanilla-r, spectralnorm-alt3.r, 1.27
3 R_ENABLE_JIT=2 rir, spectralnorm-alt3.r, 2.96
3 R_ENABLE_JIT=2 rir, spectralnorm-alt3.r, 3.003
3 R_ENABLE_JIT=2 rir, spectralnorm-alt3.r, 2.954
3 R_ENABLE_JIT=2 rir, spectralnorm-alt3.r, 2.984
3 R_ENABLE_JIT=2 rir, spectralnorm-alt3.r, 2.953
3 R_ENABLE_JIT=2 rir, spectralnorm-alt3.r, 2.946
3 R_ENABLE_JIT=2 rir, spectralnorm-alt3.r, 2.969
3 R_ENABLE_JIT=2 rir, spectralnorm-alt3.r, 2.967
1 R_ENABLE_JIT=0 vanilla-r, spectralnorm-alt4.r, 3.515
1 R_ENABLE_JIT=0 vanilla-r, spectralnorm-alt4.r, 3.526
1 R_ENABLE_JIT=0 vanilla-r, spectralnorm-alt4.r, 3.523
1 R_ENABLE_JIT=0 vanilla-r, spectralnorm-alt4.r, 3.515
1 R_ENABLE_JIT=0 vanilla-r, spectralnorm-alt4.r, 3.526
1 R_ENABLE_JIT=0 vanilla-r, spectralnorm-alt4.r, 3.529
1 R_ENABLE_JIT=0 vanilla-r, spectralnorm-alt4.r, 3.522
1 R_ENABLE_JIT=0 vanilla-r, spectralnorm-alt4.r, 3.509
2 R_ENABLE_JIT=2 vanilla-r, spectralnorm-alt4.r, 1.394
2 R_ENABLE_JIT=2 vanilla-r, spectralnorm-alt4.r, 1.421
2 R_ENABLE_JIT=2 vanilla-r, spectralnorm-alt4.r, 1.406
2 R_ENABLE_JIT=2 vanilla-r, spectralnorm-alt4.r, 1.418
2 R_ENABLE_JIT=2 vanilla-r, spectralnorm-alt4.r, 1.419
2 R_ENABLE_JIT=2 vanilla-r, spectralnorm-alt4.r, 1.386
2 R_ENABLE_JIT=2 vanilla-r, spectralnorm-alt4.r, 1.397
2 R_ENABLE_JIT=2 vanilla-r, spectralnorm-alt4.r, 1.385
3 R_ENABLE_JIT=2 rir, spectralnorm-alt4.r, 3.541
3 R_ENABLE_JIT=2 rir, spectralnorm-alt4.r, 3.52
3 R_ENABLE_JIT=2 rir, spectralnorm-alt4.r, 3.531
3 R_ENABLE_JIT=2 rir, spectralnorm-alt4.r, 3.523
3 R_ENABLE_JIT=2 rir, spectralnorm-alt4.r, 3.53700000000001
3 R_ENABLE_JIT=2 rir, spectralnorm-alt4.r, 3.527
3 R_ENABLE_JIT=2 rir, spectralnorm-alt4.r, 3.523
3 R_ENABLE_JIT=2 rir, spectralnorm-alt4.r, 3.532
1 R_ENABLE_JIT=0 vanilla-r, spectralnorm-alt.r, 2.659
1 R_ENABLE_JIT=0 vanilla-r, spectralnorm-alt.r, 2.655
1 R_ENABLE_JIT=0 vanilla-r, spectralnorm-alt.r, 2.657
1 R_ENABLE_JIT=0 vanilla-r, spectralnorm-alt.r, 2.657
1 R_ENABLE_JIT=0 vanilla-r, spectralnorm-alt.r, 2.66
1 R_ENABLE_JIT=0 vanilla-r, spectralnorm-alt.r, 2.656
1 R_ENABLE_JIT=0 vanilla-r, spectralnorm-alt.r, 2.656
1 R_ENABLE_JIT=0 vanilla-r, spectralnorm-alt.r, 2.656
2 R_ENABLE_JIT=2 vanilla-r, spectralnorm-alt.r, 2.661
2 R_ENABLE_JIT=2 vanilla-r, spectralnorm-alt.r, 2.662
2 R_ENABLE_JIT=2 vanilla-r, spectralnorm-alt.r, 2.673
2 R_ENABLE_JIT=2 vanilla-r, spectralnorm-alt.r, 2.661
2 R_ENABLE_JIT=2 vanilla-r, spectralnorm-alt.r, 2.661
2 R_ENABLE_JIT=2 vanilla-r, spectralnorm-alt.r, 2.663
2 R_ENABLE_JIT=2 vanilla-r, spectralnorm-alt.r, 2.663
2 R_ENABLE_JIT=2 vanilla-r, spectralnorm-alt.r, 2.661
3 R_ENABLE_JIT=2 rir, spectralnorm-alt.r, 2.314
3 R_ENABLE_JIT=2 rir, spectralnorm-alt.r, 2.337
3 R_ENABLE_JIT=2 rir, spectralnorm-alt.r, 2.313
3 R_ENABLE_JIT=2 rir, spectralnorm-alt.r, 2.335
3 R_ENABLE_JIT=2 rir, spectralnorm-alt.r, 2.314
3 R_ENABLE_JIT=2 rir, spectralnorm-alt.r, 2.337
3 R_ENABLE_JIT=2 rir, spectralnorm-alt.r, 2.314
3 R_ENABLE_JIT=2 rir, spectralnorm-alt.r, 2.337
1 R_ENABLE_JIT=0 vanilla-r, spectralnorm-math.r, 1.76
1 R_ENABLE_JIT=0 vanilla-r, spectralnorm-math.r, 1.757
1 R_ENABLE_JIT=0 vanilla-r, spectralnorm-math.r, 1.757
1 R_ENABLE_JIT=0 vanilla-r, spectralnorm-math.r, 1.756
1 R_ENABLE_JIT=0 vanilla-r, spectralnorm-math.r, 1.757
1 R_ENABLE_JIT=0 vanilla-r, spectralnorm-math.r, 1.756
1 R_ENABLE_JIT=0 vanilla-r, spectralnorm-math.r, 1.759
1 R_ENABLE_JIT=0 vanilla-r, spectralnorm-math.r, 1.758
2 R_ENABLE_JIT=2 vanilla-r, spectralnorm-math.r, 1.765
2 R_ENABLE_JIT=2 vanilla-r, spectralnorm-math.r, 1.766
2 R_ENABLE_JIT=2 vanilla-r, spectralnorm-math.r, 1.766
2 R_ENABLE_JIT=2 vanilla-r, spectralnorm-math.r, 1.763
2 R_ENABLE_JIT=2 vanilla-r, spectralnorm-math.r, 1.762
2 R_ENABLE_JIT=2 vanilla-r, spectralnorm-math.r, 1.764
2 R_ENABLE_JIT=2 vanilla-r, spectralnorm-math.r, 1.765
2 R_ENABLE_JIT=2 vanilla-r, spectralnorm-math.r, 1.764
3 R_ENABLE_JIT=2 rir, spectralnorm-math.r, 1.756
3 R_ENABLE_JIT=2 rir, spectralnorm-math.r, 1.76
3 R_ENABLE_JIT=2 rir, spectralnorm-math.r, 1.759
3 R_ENABLE_JIT=2 rir, spectralnorm-math.r, 1.759
3 R_ENABLE_JIT=2 rir, spectralnorm-math.r, 1.768
3 R_ENABLE_JIT=2 rir, spectralnorm-math.r, 1.777
3 R_ENABLE_JIT=2 rir, spectralnorm-math.r, 1.759
3 R_ENABLE_JIT=2 rir, spectralnorm-math.r, 1.757
1 R_ENABLE_JIT=0 vanilla-r, spectralnorm-naive.r, 4.531
1 R_ENABLE_JIT=0 vanilla-r, spectralnorm-naive.r, 4.502
1 R_ENABLE_JIT=0 vanilla-r, spectralnorm-naive.r, 4.526
1 R_ENABLE_JIT=0 vanilla-r, spectralnorm-naive.r, 4.505
1 R_ENABLE_JIT=0 vanilla-r, spectralnorm-naive.r, 4.538
1 R_ENABLE_JIT=0 vanilla-r, spectralnorm-naive.r, 4.551
1 R_ENABLE_JIT=0 vanilla-r, spectralnorm-naive.r, 4.526
1 R_ENABLE_JIT=0 vanilla-r, spectralnorm-naive.r, 4.511
2 R_ENABLE_JIT=2 vanilla-r, spectralnorm-naive.r, 1.268
2 R_ENABLE_JIT=2 vanilla-r, spectralnorm-naive.r, 1.25
2 R_ENABLE_JIT=2 vanilla-r, spectralnorm-naive.r, 1.266
2 R_ENABLE_JIT=2 vanilla-r, spectralnorm-naive.r, 1.26
2 R_ENABLE_JIT=2 vanilla-r, spectralnorm-naive.r, 1.271
2 R_ENABLE_JIT=2 vanilla-r, spectralnorm-naive.r, 1.262
2 R_ENABLE_JIT=2 vanilla-r, spectralnorm-naive.r, 1.269
2 R_ENABLE_JIT=2 vanilla-r, spectralnorm-naive.r, 1.253
3 R_ENABLE_JIT=2 rir, spectralnorm-naive.r, 2.751
3 R_ENABLE_JIT=2 rir, spectralnorm-naive.r, 2.759
3 R_ENABLE_JIT=2 rir, spectralnorm-naive.r, 2.738
3 R_ENABLE_JIT=2 rir, spectralnorm-naive.r, 2.749
3 R_ENABLE_JIT=2 rir, spectralnorm-naive.r, 2.753
3 R_ENABLE_JIT=2 rir, spectralnorm-naive.r, 2.74
3 R_ENABLE_JIT=2 rir, spectralnorm-naive.r, 2.759
3 R_ENABLE_JIT=2 rir, spectralnorm-naive.r, 2.737
1 R_ENABLE_JIT=0 vanilla-r, spectralnorm.r, 5.593
1 R_ENABLE_JIT=0 vanilla-r, spectralnorm.r, 5.523
1 R_ENABLE_JIT=0 vanilla-r, spectralnorm.r, 5.54499999999999
1 R_ENABLE_JIT=0 vanilla-r, spectralnorm.r, 5.489
1 R_ENABLE_JIT=0 vanilla-r, spectralnorm.r, 5.525
1 R_ENABLE_JIT=0 vanilla-r, spectralnorm.r, 5.495
1 R_ENABLE_JIT=0 vanilla-r, spectralnorm.r, 5.544
1 R_ENABLE_JIT=0 vanilla-r, spectralnorm.r, 5.482
2 R_ENABLE_JIT=2 vanilla-r, spectralnorm.r, 1.882
2 R_ENABLE_JIT=2 vanilla-r, spectralnorm.r, 1.876
2 R_ENABLE_JIT=2 vanilla-r, spectralnorm.r, 1.902
2 R_ENABLE_JIT=2 vanilla-r, spectralnorm.r, 1.873
2 R_ENABLE_JIT=2 vanilla-r, spectralnorm.r, 1.9
2 R_ENABLE_JIT=2 vanilla-r, spectralnorm.r, 1.882
2 R_ENABLE_JIT=2 vanilla-r, spectralnorm.r, 1.878
2 R_ENABLE_JIT=2 vanilla-r, spectralnorm.r, 1.873
3 R_ENABLE_JIT=2 rir, spectralnorm.r, 3.412
3 R_ENABLE_JIT=2 rir, spectralnorm.r, 3.402
3 R_ENABLE_JIT=2 rir, spectralnorm.r, 3.394
3 R_ENABLE_JIT=2 rir, spectralnorm.r, 3.389
3 R_ENABLE_JIT=2 rir, spectralnorm.r, 3.408
3 R_ENABLE_JIT=2 rir, spectralnorm.r, 3.383
3 R_ENABLE_JIT=2 rir, spectralnorm.r, 3.4
3 R_ENABLE_JIT=2 rir, spectralnorm.r, 3.39
